voltaggioEffettivo,media
-6.510512e-06,9.145815375031884
14.9994,9.133047227003583
29.95128,9.224977892807349
44.99858,9.150922634243202
59.99718,9.166244411877166
74.99844,9.130493597397923
